{"files":{"_opt_ros_indigo_lib_python2_7_dist-packages_smach_state_machine_py":{"index":{"relative_filename":"/opt/ros/indigo/lib/python2.7/dist-packages/smach/state_machine.py","html_filename":"_opt_ros_indigo_lib_python2_7_dist-packages_smach_state_machine_py.html","nums":[1,203,0,111,0,0,0]},"hash":"e18ea09c90950d849b2a6c2f6802b18b"},"_opt_ros_indigo_lib_python2_7_dist-packages_moveit_msgs_msg__RobotTrajectory_py":{"index":{"relative_filename":"/opt/ros/indigo/lib/python2.7/dist-packages/moveit_msgs/msg/_RobotTrajectory.py","html_filename":"_opt_ros_indigo_lib_python2_7_dist-packages_moveit_msgs_msg__RobotTrajectory_py.html","nums":[1,560,0,467,0,0,0]},"hash":"60183e481bfb14bc96c78998f65fcaf0"},"_opt_ros_indigo_lib_python2_7_dist-packages_rospy_core_py":{"index":{"relative_filename":"/opt/ros/indigo/lib/python2.7/dist-packages/rospy/core.py","html_filename":"_opt_ros_indigo_lib_python2_7_dist-packages_rospy_core_py.html","nums":[1,244,0,186,0,0,0]},"hash":"29b89fd3d89fafbdb83277dae4df7663"},"_opt_ros_indigo_lib_python2_7_dist-packages_rospy_client_py":{"index":{"relative_filename":"/opt/ros/indigo/lib/python2.7/dist-packages/rospy/client.py","html_filename":"_opt_ros_indigo_lib_python2_7_dist-packages_rospy_client_py.html","nums":[1,207,0,152,0,0,0]},"hash":"d5099a9be291959e51eadfa333d3ce86"},"_opt_ros_indigo_lib_python2_7_dist-packages_rospy_msproxy_py":{"index":{"relative_filename":"/opt/ros/indigo/lib/python2.7/dist-packages/rospy/msproxy.py","html_filename":"_opt_ros_indigo_lib_python2_7_dist-packages_rospy_msproxy_py.html","nums":[1,76,0,69,0,0,0]},"hash":"5080f9cff76cf88a18512313c2bf2b79"},"_opt_ros_indigo_lib_python2_7_dist-packages_rospy_impl_tcpros_pubsub_py":{"index":{"relative_filename":"/opt/ros/indigo/lib/python2.7/dist-packages/rospy/impl/tcpros_pubsub.py","html_filename":"_opt_ros_indigo_lib_python2_7_dist-packages_rospy_impl_tcpros_pubsub_py.html","nums":[1,174,0,86,0,0,0]},"hash":"d730467b81329e1b935bd7a42ca23163"},"_opt_ros_indigo_lib_python2_7_dist-packages_rospy_impl_masterslave_py":{"index":{"relative_filename":"/opt/ros/indigo/lib/python2.7/dist-packages/rospy/impl/masterslave.py","html_filename":"_opt_ros_indigo_lib_python2_7_dist-packages_rospy_impl_masterslave_py.html","nums":[1,211,0,131,0,0,0]},"hash":"a6074e8d8b908864625b29ba874ed832"},"_opt_ros_indigo_lib_python2_7_dist-packages_rospy_impl_rosout_py":{"index":{"relative_filename":"/opt/ros/indigo/lib/python2.7/dist-packages/rospy/impl/rosout.py","html_filename":"_opt_ros_indigo_lib_python2_7_dist-packages_rospy_impl_rosout_py.html","nums":[1,51,0,29,0,0,0]},"hash":"25be5946d2e51ea2ab3e0e4d6888bf0b"},"_opt_ros_indigo_lib_python2_7_dist-packages_roslib___init___py":{"index":{"relative_filename":"/opt/ros/indigo/lib/python2.7/dist-packages/roslib/__init__.py","html_filename":"_opt_ros_indigo_lib_python2_7_dist-packages_roslib___init___py.html","nums":[1,9,0,8,0,0,0]},"hash":"1fb411842c65f672ba5326961f84ea51"},"devel_lib_python2_7_dist-packages_table_simulator_msg__Robot_py":{"index":{"relative_filename":"devel/lib/python2.7/dist-packages/table_simulator/msg/_Robot.py","html_filename":"devel_lib_python2_7_dist-packages_table_simulator_msg__Robot_py.html","nums":[1,50,0,45,0,0,0]},"hash":"3efecb1e1d75417f8f74682cbebe3cb2"},"_opt_ros_indigo_lib_python2_7_dist-packages_rospy_impl_init_py":{"index":{"relative_filename":"/opt/ros/indigo/lib/python2.7/dist-packages/rospy/impl/init.py","html_filename":"_opt_ros_indigo_lib_python2_7_dist-packages_rospy_impl_init_py.html","nums":[1,39,0,24,0,0,0]},"hash":"464c65622a41347b5cbf9ef0b50d3248"},"_opt_ros_indigo_lib_python2_7_dist-packages_rospy_names_py":{"index":{"relative_filename":"/opt/ros/indigo/lib/python2.7/dist-packages/rospy/names.py","html_filename":"_opt_ros_indigo_lib_python2_7_dist-packages_rospy_names_py.html","nums":[1,107,0,80,0,0,0]},"hash":"aa5e59f06648e05be9835234dac60bf8"},"_opt_ros_indigo_lib_python2_7_dist-packages_rospy_impl_tcpros_base_py":{"index":{"relative_filename":"/opt/ros/indigo/lib/python2.7/dist-packages/rospy/impl/tcpros_base.py","html_filename":"_opt_ros_indigo_lib_python2_7_dist-packages_rospy_impl_tcpros_base_py.html","nums":[1,403,0,181,0,0,0]},"hash":"e50bc09136fe6173c77c50efb3b0f338"},"_opt_ros_indigo_lib_python2_7_dist-packages_rospy_impl_tcpros_py":{"index":{"relative_filename":"/opt/ros/indigo/lib/python2.7/dist-packages/rospy/impl/tcpros.py","html_filename":"_opt_ros_indigo_lib_python2_7_dist-packages_rospy_impl_tcpros_py.html","nums":[1,11,0,7,0,0,0]},"hash":"80d482699a0b64d1a2ee89ce22e168a9"},"_opt_ros_indigo_lib_python2_7_dist-packages_rospy_service_py":{"index":{"relative_filename":"/opt/ros/indigo/lib/python2.7/dist-packages/rospy/service.py","html_filename":"_opt_ros_indigo_lib_python2_7_dist-packages_rospy_service_py.html","nums":[1,50,0,32,0,0,0]},"hash":"6a867e0b4cc9bbffea51a6fb7c8d4d25"},"_opt_ros_indigo_lib_python2_7_dist-packages_smach_exceptions_py":{"index":{"relative_filename":"/opt/ros/indigo/lib/python2.7/dist-packages/smach/exceptions.py","html_filename":"_opt_ros_indigo_lib_python2_7_dist-packages_smach_exceptions_py.html","nums":[1,18,0,15,0,0,0]},"hash":"f4fc6788b256eb8b62ef780cb1890bef"},"_opt_ros_indigo_lib_python2_7_dist-packages_std_msgs_msg__Float64_py":{"index":{"relative_filename":"/opt/ros/indigo/lib/python2.7/dist-packages/std_msgs/msg/_Float64.py","html_filename":"_opt_ros_indigo_lib_python2_7_dist-packages_std_msgs_msg__Float64_py.html","nums":[1,50,0,45,0,0,0]},"hash":"3752fa8377c25c8ca5c8f256ca1f90ee"},"_opt_ros_indigo_lib_python2_7_dist-packages_rosgraph_names_py":{"index":{"relative_filename":"/opt/ros/indigo/lib/python2.7/dist-packages/rosgraph/names.py","html_filename":"_opt_ros_indigo_lib_python2_7_dist-packages_rosgraph_names_py.html","nums":[1,119,0,87,0,0,0]},"hash":"c080db516c285e74848c7591a06b8a67"},"devel_lib_python2_7_dist-packages_table_simulator_msg__Human_py":{"index":{"relative_filename":"devel/lib/python2.7/dist-packages/table_simulator/msg/_Human.py","html_filename":"devel_lib_python2_7_dist-packages_table_simulator_msg__Human_py.html","nums":[1,57,0,47,0,0,0]},"hash":"85642ed8b44ff630827973d1c50b7dad"},"_opt_ros_indigo_lib_python2_7_dist-packages_std_msgs_msg__Header_py":{"index":{"relative_filename":"/opt/ros/indigo/lib/python2.7/dist-packages/std_msgs/msg/_Header.py","html_filename":"_opt_ros_indigo_lib_python2_7_dist-packages_std_msgs_msg__Header_py.html","nums":[1,99,0,95,0,0,0]},"hash":"06f0ee36320d7d9f5ac01b2fa0c8728f"},"_opt_ros_indigo_lib_python2_7_dist-packages_rospy_impl_validators_py":{"index":{"relative_filename":"/opt/ros/indigo/lib/python2.7/dist-packages/rospy/impl/validators.py","html_filename":"_opt_ros_indigo_lib_python2_7_dist-packages_rospy_impl_validators_py.html","nums":[1,12,0,10,0,0,0]},"hash":"2d4160128e1482199234acbe8fdcfb21"},"devel_lib_python2_7_dist-packages_table_simulator_msg__Sensors_py":{"index":{"relative_filename":"devel/lib/python2.7/dist-packages/table_simulator/msg/_Sensors.py","html_filename":"devel_lib_python2_7_dist-packages_table_simulator_msg__Sensors_py.html","nums":[1,60,0,49,0,0,0]},"hash":"f8d70b48fc52106d937e7bd21d3a795f"},"_opt_ros_indigo_lib_python2_7_dist-packages_trajectory_msgs_msg__JointTrajectory_py":{"index":{"relative_filename":"/opt/ros/indigo/lib/python2.7/dist-packages/trajectory_msgs/msg/_JointTrajectory.py","html_filename":"_opt_ros_indigo_lib_python2_7_dist-packages_trajectory_msgs_msg__JointTrajectory_py.html","nums":[1,276,0,272,0,0,0]},"hash":"c3033605458983e3cf974ee7340e882c"},"_opt_ros_indigo_lib_python2_7_dist-packages_rospy_rostime_py":{"index":{"relative_filename":"/opt/ros/indigo/lib/python2.7/dist-packages/rospy/rostime.py","html_filename":"_opt_ros_indigo_lib_python2_7_dist-packages_rospy_rostime_py.html","nums":[1,74,0,56,0,0,0]},"hash":"995d89a13596f2980c2f6662798efba7"},"src_table_simulator_scripts_robot_g_py":{"index":{"relative_filename":"src/table_simulator/scripts/robot_g.py","html_filename":"src_table_simulator_scripts_robot_g_py.html","nums":[1,113,0,6,0,0,0]},"hash":"3ff06bf51e4ef6e4b3a4ad377f765077"},"_opt_ros_indigo_lib_python2_7_dist-packages_moveit_commander_roscpp_initializer_py":{"index":{"relative_filename":"/opt/ros/indigo/lib/python2.7/dist-packages/moveit_commander/roscpp_initializer.py","html_filename":"_opt_ros_indigo_lib_python2_7_dist-packages_moveit_commander_roscpp_initializer_py.html","nums":[1,6,0,4,0,0,0]},"hash":"c36bb7d6c3cfb9b855f3fb60be732c86"},"_opt_ros_indigo_lib_python2_7_dist-packages_rosgraph_network_py":{"index":{"relative_filename":"/opt/ros/indigo/lib/python2.7/dist-packages/rosgraph/network.py","html_filename":"_opt_ros_indigo_lib_python2_7_dist-packages_rosgraph_network_py.html","nums":[1,221,0,156,0,0,0]},"hash":"a19dec19bea41d5ca2e80424e6122ec0"},"_opt_ros_indigo_lib_python2_7_dist-packages_rospy_msg_py":{"index":{"relative_filename":"/opt/ros/indigo/lib/python2.7/dist-packages/rospy/msg.py","html_filename":"_opt_ros_indigo_lib_python2_7_dist-packages_rospy_msg_py.html","nums":[1,100,0,51,0,0,0]},"hash":"52ef1893e626b8e2d08284bdf3de2c28"},"_opt_ros_indigo_lib_python2_7_dist-packages_genpy_message_py":{"index":{"relative_filename":"/opt/ros/indigo/lib/python2.7/dist-packages/genpy/message.py","html_filename":"_opt_ros_indigo_lib_python2_7_dist-packages_genpy_message_py.html","nums":[1,320,0,309,0,0,0]},"hash":"175dc3470202176726869574eae52a27"},"_opt_ros_indigo_lib_python2_7_dist-packages_moveit_commander_move_group_py":{"index":{"relative_filename":"/opt/ros/indigo/lib/python2.7/dist-packages/moveit_commander/move_group.py","html_filename":"_opt_ros_indigo_lib_python2_7_dist-packages_moveit_commander_move_group_py.html","nums":[1,296,0,282,0,0,0]},"hash":"1c5459889c6dc0655edb22f434c5f77f"},"_opt_ros_indigo_lib_python2_7_dist-packages_rospy_impl_registration_py":{"index":{"relative_filename":"/opt/ros/indigo/lib/python2.7/dist-packages/rospy/impl/registration.py","html_filename":"_opt_ros_indigo_lib_python2_7_dist-packages_rospy_impl_registration_py.html","nums":[1,257,0,125,0,0,0]},"hash":"09bbead6e6b5590f1e431f5b6a29cda2"},"_opt_ros_indigo_lib_python2_7_dist-packages_rosgraph_msgs_msg__Clock_py":{"index":{"relative_filename":"/opt/ros/indigo/lib/python2.7/dist-packages/rosgraph_msgs/msg/_Clock.py","html_filename":"_opt_ros_indigo_lib_python2_7_dist-packages_rosgraph_msgs_msg__Clock_py.html","nums":[1,61,0,50,0,0,0]},"hash":"67ddebf0b6d9b226ec3b24eeee1f9f84"},"_opt_ros_indigo_lib_python2_7_dist-packages_rospy_impl_simtime_py":{"index":{"relative_filename":"/opt/ros/indigo/lib/python2.7/dist-packages/rospy/impl/simtime.py","html_filename":"_opt_ros_indigo_lib_python2_7_dist-packages_rospy_impl_simtime_py.html","nums":[1,39,0,22,0,0,0]},"hash":"0f9b1bf6cf5bc2f819a0cbd0d6178cc7"},"_opt_ros_indigo_lib_python2_7_dist-packages_rosgraph_msgs_msg__Log_py":{"index":{"relative_filename":"/opt/ros/indigo/lib/python2.7/dist-packages/rosgraph_msgs/msg/_Log.py","html_filename":"_opt_ros_indigo_lib_python2_7_dist-packages_rosgraph_msgs_msg__Log_py.html","nums":[1,310,0,262,0,0,0]},"hash":"db20f10d61e8463b89bd396899be6058"},"_opt_ros_indigo_lib_python2_7_dist-packages_smach_state_py":{"index":{"relative_filename":"/opt/ros/indigo/lib/python2.7/dist-packages/smach/state.py","html_filename":"_opt_ros_indigo_lib_python2_7_dist-packages_smach_state_py.html","nums":[1,50,0,42,0,0,0]},"hash":"a42a9b0f652436324f29bfce1d1883f3"},"_opt_ros_indigo_lib_python2_7_dist-packages_rospy_impl_tcpros_service_py":{"index":{"relative_filename":"/opt/ros/indigo/lib/python2.7/dist-packages/rospy/impl/tcpros_service.py","html_filename":"_opt_ros_indigo_lib_python2_7_dist-packages_rospy_impl_tcpros_service_py.html","nums":[1,313,0,293,0,0,0]},"hash":"92ae1f42087181ec2cb365d7898bc27f"},"_opt_ros_indigo_lib_python2_7_dist-packages_smach_user_data_py":{"index":{"relative_filename":"/opt/ros/indigo/lib/python2.7/dist-packages/smach/user_data.py","html_filename":"_opt_ros_indigo_lib_python2_7_dist-packages_smach_user_data_py.html","nums":[1,127,0,114,0,0,0]},"hash":"d593e3df5b69ffb279cd19d838ad383c"},"_opt_ros_indigo_lib_python2_7_dist-packages_moveit_commander_planning_scene_interface_py":{"index":{"relative_filename":"/opt/ros/indigo/lib/python2.7/dist-packages/moveit_commander/planning_scene_interface.py","html_filename":"_opt_ros_indigo_lib_python2_7_dist-packages_moveit_commander_planning_scene_interface_py.html","nums":[1,155,0,152,0,0,0]},"hash":"5d14fe992bd2caa1df6091841cb4ddb1"},"_opt_ros_indigo_lib_python2_7_dist-packages_rospy_timer_py":{"index":{"relative_filename":"/opt/ros/indigo/lib/python2.7/dist-packages/rospy/timer.py","html_filename":"_opt_ros_indigo_lib_python2_7_dist-packages_rospy_timer_py.html","nums":[1,88,0,76,0,0,0]},"hash":"c6f0c7474f7e01e8bfda539e790bb62a"},"_opt_ros_indigo_lib_python2_7_dist-packages_rospy_topics_py":{"index":{"relative_filename":"/opt/ros/indigo/lib/python2.7/dist-packages/rospy/topics.py","html_filename":"_opt_ros_indigo_lib_python2_7_dist-packages_rospy_topics_py.html","nums":[1,537,0,300,0,0,0]},"hash":"8fe0ecbc61944ecf71fd8f19250e0a9f"},"_opt_ros_indigo_lib_python2_7_dist-packages_std_msgs_msg__Int8_py":{"index":{"relative_filename":"/opt/ros/indigo/lib/python2.7/dist-packages/std_msgs/msg/_Int8.py","html_filename":"_opt_ros_indigo_lib_python2_7_dist-packages_std_msgs_msg__Int8_py.html","nums":[1,50,0,45,0,0,0]},"hash":"6a94183e0993534e6d966e926927ecb4"},"src_table_simulator_scripts_robot_py":{"index":{"relative_filename":"src/table_simulator/scripts/robot.py","html_filename":"src_table_simulator_scripts_robot_py.html","nums":[1,320,0,207,0,0,0]},"hash":"e134fc6db44626cbc4c91960a0662abc"},"_opt_ros_indigo_lib_python2_7_dist-packages_rospy_impl_statistics_py":{"index":{"relative_filename":"/opt/ros/indigo/lib/python2.7/dist-packages/rospy/impl/statistics.py","html_filename":"_opt_ros_indigo_lib_python2_7_dist-packages_rospy_impl_statistics_py.html","nums":[1,103,0,101,0,0,0]},"hash":"502e5f6e769313fe93a447c1636815b7"},"_opt_ros_indigo_lib_python2_7_dist-packages_moveit_commander_robot_py":{"index":{"relative_filename":"/opt/ros/indigo/lib/python2.7/dist-packages/moveit_commander/robot.py","html_filename":"_opt_ros_indigo_lib_python2_7_dist-packages_moveit_commander_robot_py.html","nums":[1,116,0,113,0,0,0]},"hash":"02087c8e7c77ab46a31330d883203ea2"},"_opt_ros_indigo_lib_python2_7_dist-packages_genpy_rostime_py":{"index":{"relative_filename":"/opt/ros/indigo/lib/python2.7/dist-packages/genpy/rostime.py","html_filename":"_opt_ros_indigo_lib_python2_7_dist-packages_genpy_rostime_py.html","nums":[1,203,0,171,0,0,0]},"hash":"137fe86c3e542b54a910b7e622886a75"},"_opt_ros_indigo_lib_python2_7_dist-packages_smach_container_py":{"index":{"relative_filename":"/opt/ros/indigo/lib/python2.7/dist-packages/smach/container.py","html_filename":"_opt_ros_indigo_lib_python2_7_dist-packages_smach_container_py.html","nums":[1,113,0,81,0,0,0]},"hash":"dd8c4ca397fbf21f1b412240875adc7d"},"src_table_simulator_scripts_interface_plan_py":{"index":{"relative_filename":"src/table_simulator/scripts/interface_plan.py","html_filename":"src_table_simulator_scripts_interface_plan_py.html","nums":[1,28,0,11,0,0,0]},"hash":"d104be3db45a6079f85b452afb3c1f54"},"_opt_ros_indigo_lib_python2_7_dist-packages_trajectory_msgs_msg__JointTrajectoryPoint_py":{"index":{"relative_filename":"/opt/ros/indigo/lib/python2.7/dist-packages/trajectory_msgs/msg/_JointTrajectoryPoint.py","html_filename":"_opt_ros_indigo_lib_python2_7_dist-packages_trajectory_msgs_msg__JointTrajectoryPoint_py.html","nums":[1,161,0,155,0,0,0]},"hash":"3e3b50a3554f7f6f4433fa7410a16541"},"_opt_ros_indigo_lib_python2_7_dist-packages_rosgraph_roslogging_py":{"index":{"relative_filename":"/opt/ros/indigo/lib/python2.7/dist-packages/rosgraph/roslogging.py","html_filename":"_opt_ros_indigo_lib_python2_7_dist-packages_rosgraph_roslogging_py.html","nums":[1,118,0,81,0,0,0]},"hash":"465150ece48be81b19f1b1914a6a7cff"},"_opt_ros_indigo_lib_python2_7_dist-packages_rosgraph_xmlrpc_py":{"index":{"relative_filename":"/opt/ros/indigo/lib/python2.7/dist-packages/rosgraph/xmlrpc.py","html_filename":"_opt_ros_indigo_lib_python2_7_dist-packages_rosgraph_xmlrpc_py.html","nums":[1,138,0,119,0,0,0]},"hash":"79978f18eb8f530cba39b1dbeccdfef2"},"_opt_ros_indigo_lib_python2_7_dist-packages_trajectory_msgs_msg__MultiDOFJointTrajectory_py":{"index":{"relative_filename":"/opt/ros/indigo/lib/python2.7/dist-packages/trajectory_msgs/msg/_MultiDOFJointTrajectory.py","html_filename":"_opt_ros_indigo_lib_python2_7_dist-packages_trajectory_msgs_msg__MultiDOFJointTrajectory_py.html","nums":[1,347,0,343,0,0,0]},"hash":"c23ebdc0ae8a86d7a73f98e34cc47cbc"},"_opt_ros_indigo_lib_python2_7_dist-packages_rosgraph_rosenv_py":{"index":{"relative_filename":"/opt/ros/indigo/lib/python2.7/dist-packages/rosgraph/rosenv.py","html_filename":"_opt_ros_indigo_lib_python2_7_dist-packages_rosgraph_rosenv_py.html","nums":[1,26,0,18,0,0,0]},"hash":"2b6b651d86212ca160418f6324acc732"},"_opt_ros_indigo_lib_python2_7_dist-packages_rospy_impl_transport_py":{"index":{"relative_filename":"/opt/ros/indigo/lib/python2.7/dist-packages/rospy/impl/transport.py","html_filename":"_opt_ros_indigo_lib_python2_7_dist-packages_rospy_impl_transport_py.html","nums":[1,62,0,43,0,0,0]},"hash":"b868f7887bd6939df06cb0315c681e06"}},"version":"4.5.1","settings":"46feeacdc8f514eabe08ea47620e18a2","format":1}